{"a b c":3.900000,"dfihr":9.000000,"l'homme":3.700000,"stat":3.000000}